,Title,Height,Width
0,beeple_thumbnail_01_1.jpg,499,1018
1,SPORTFUCK.jpg,900,900
2,MCD-2087.jpg,900,900
3,burttn-coper-e1447256280215.jpg,897,870
4,ACRYLIC-DISPERSION.jpg,1000,733
5,DEM-CUBES-e1447256293476.jpg,Not Available,Not available
6,BAF.1981.jpg,1000,746
7,EIGHT-YEARS.jpg,900,900
8,ELEVEN.jpg,900,900
9,FLOOR-100.jpg,900,900
10,GOD-FIVE.jpg,923,900
11,heaven-and-hell.jpg,931,900
12,metallurgy.jpg,900,900
13,NUCLEAR-FAMILY.jpg,900,900
14,NUMBER-TWO.jpg,896,900
15,OB.TANK_.jpg,1000,692
16,ONE-FOOT.jpg,900,900
17,ONE-MILLION.jpg,928,900
18,recore..jpg,928,900
19,soup-f.jpg,928,900
20,SUPERBUG.jpg,900,900
21,SWEET-TOOTH.jpg,900,900
22,SYSTEMIC-ABERRATION.jpg,900,900
23,T.VARIATIONS.jpg,900,900
24,TEXTRIOUS.jpg,1000,769
25,TUNGSTEN.jpg,900,900
26,U1.COMBINER.jpg,900,900
27,VHC.01.jpg,900,900
28,WINTERMIX.jpg,900,900
29,YT.SUN-CITY08.jpg,1000,711
30,DAY-3000.jpg,933,900
